Firefox Country,Firefox Continent,Firefox DAU,Firefox DAU %,Firefox stream Country Code,Firefox country lang,"firefox vpn availability in stream geo-location by 10th JUNE roll-out plan (1=YES, 0=NO)",stream supplier name (use correct brand letter casing),stream product name (use correct brand letter casing),"stream supplier all game availability 1=TRUE, 0=FALSE","stream offer entitlement
FREE, FREE TRIAL, FREE AND PAID, PAID","stream offer entitlement sort order
1=FIFA, 2=FREE, 3=FREE AND PAID, 4=FREE TRIAL,5=PAID",stream platform home page URL,stream URL,"show in other regions list (1=on, 0=off switch)","show in production (1=on, 0=off switch)","Mozilla VPN
tested set to local country? (1=TESTED, OR 0=NOT-TESTED)","Mozilla VPN
test results (2=tested and NOT working, 1=tested and working, 0=NOT-TESTED)","PLAYBACK
of stream tested? (2=tested and NOT working, 1=tested and working, 0=NOT-TESTED)","PIP
of stream playback tested? (2=tested and NOT working, 1=tested and working, 0=NOT-TESTED)",Editorial team Notes,Curator,stream availability source URL
United States,Americas,"7,434,829",15.42%,US,"en-US, English (US)",1,FIFA,FIFA+,1,FREE & PAID,1,https://www.plus.fifa.com/,https://www.plus.fifa.com/showcase/fifa-world-cup-26tm/89de0054-9fa6-4741-88e1-a902dc26740f,0,1,1,2,1,1,Standardized URLs for ALL FIFA+ links. We rely on Fifa's own geo-IP detection to flip in the correct language subdirectoy path in their URL on load.,Alex D. ,
United States,Americas,"7,434,829",15.42%,US,"en-US, English (US)",1,Tubi,Tubi,0,FREE,2,https://tubitv.com/,https://tubitv.com/hubs/fifa-world-cup-fox-hub,1,1,1,1,1,1,"For the the 2026 FIFA World Cup, Tubi will simulcast select live matches (including Mexico vs. South Africa and USMNT vs. Paraguay) in 4K for free, alongside the FIFA World Cup™ FOX Hub featuring highlights, replays, and original content like the docuseries ""Destination World Cup 2026""",,https://www.livesoccertv.com/channels/tubi/
United States,Americas,"7,434,829",15.42%,US,"en-US, English (US)",1,YouTube TV,YouTube TV,1,FREE TRIAL,4,https://tv.youtube.com,https://tv.youtube.com/browse/UCgL1z0K3r-CJig5sXlSvDbg,1,1,1,1,1,2,I couldn't get PIP to work on YouTube TV -- A.D.,Alex D. ,
United States,Americas,"7,434,829",15.42%,US,"en-US, English (US)",1,FOX,FOX ONE,1,FREE TRIAL,4,https://www.fox.com/,https://www.fox.com/soccer/fifa-world-cup,1,1,1,1,1,1,,Alex D. ,https://www.fox.com/soccer/fifa-world-cup
United States,Americas,"7,434,829",15.42%,US,"en-US, English (US)",1,DirecTV,DirecTV,1,FREE TRIAL,4,https://www.directv.com/,https://www.directv.com/sports-info/soccer/worldcup,1,1,0,0,0,0,,Alex D. ,https://www.pcmag.com/how-to/how-to-watch-2026-fifa-world-cup-live-without-cable-even-for-free
United States,Americas,"7,434,829",15.42%,US,"en-US, English (US)",1,Hulu,Hulu,1,FREE TRIAL,4,https://www.hulu.com/,https://www.hulu.com/soccer,1,1,1,1,1,2,"alexd (1) I don't know if the soccer stream URL will ultimately be the best place to find World Cup games on Hulu (2) I got a browser popup that said the site might not work with a VPN, but it played fine for me. ",Alex D. ,https://www.pcmag.com/how-to/how-to-watch-2026-fifa-world-cup-live-without-cable-even-for-free
United States,Americas,"7,434,829",15.42%,US,"en-US, English (US)",1,Fubo,Fubo,1,FREE TRIAL,4,https://www.fubo.tv/,https://www.fubo.tv/stream/worldcup/,1,1,1,1,1,1,"FuboTV won't let you stream to an external monitor, which I wasn't expecting",Alex D. ,https://www.fubo.tv/news/soccer/2026-fifa-world-cup-how-to-watch-full-schedule-qualified-teams-groups-storylines-and-more/
United States,Americas,"7,434,829",15.42%,US,"en-US, English (US)",1,Peacock & Telemundo,Peacock,1,PAID,5,https://www.peacocktv.com,https://www.peacocktv.com/es-us/sports/copa-mundial#ib-section-section-6,1,1,1,2,1,1,Matches on Peacock are streaming in Spanish via Telemundo. PIP didn't appear to work on Peacock.,Alex D. ,https://www.nbcuniversal.com/article/nbcuniversals-peacock-ultimate-fan-destination-telemundos-exclusive-fifa-world-cup-2026tm-coverage
Germany,Europe,"5,475,312",11.36%,DE,"de, German",1,FIFA,FIFA+,1,FREE & PAID,1,https://www.plus.fifa.com/,https://www.plus.fifa.com/showcase/fifa-world-cup-26tm/89de0054-9fa6-4741-88e1-a902dc26740f,0,1,0,0,1,1,Standardized URLs for ALL FIFA+ links. We rely on Fifa's own geo-IP detection to flip in the correct language subdirectoy path in their URL on load.,Annemarie,https://www.plus.fifa.com/de/live-schedule/competitions
Germany,Europe,"5,475,312",11.36%,DE,"de, German",1,ZDF,ZDF,0,FREE,2,https://www.zdf.de/,https://www.zdf.de/live-tv,1,1,1,1,1,1,,Annemarie,https://www.zdf.de/live-tv
Germany,Europe,"5,475,312",11.36%,DE,"de, German",1,ARD,ARD,0,FREE,2,https://www.ardmediathek.de/,https://www.ardmediathek.de/live,1,1,1,1,1,1,,Annemarie,https://www.ardmediathek.de/live
Germany,Europe,"5,475,312",11.36%,DE,"de, German",1,SPORTSCHAU,SPORTSCHAU,0,FREE,2,https://www.sportschau.de/,https://www.sportschau.de/fussball/fifa-wm-2026/,1,1,1,1,1,1,"Can be left out, Sportschau is a sub domain of ARD",Annemarie,https://www.sportschau.de/fussball/fifa-wm-2026/
Germany,Europe,"5,475,312",11.36%,DE,"de, German",1,MagentaTV,MagentaTV,1,FREE & PAID,3,https://www.magenta.tv/,https://www.magenta.tv/url/tvhubs.t-online.de/v3/ftv-web/StructuredGrid/272846,1,1,1,1,1,1,No world cup hub page live (yet) pointint to the FOOTBALL page for now - update later!,Annemarie,https://www.telekom.de/sport/magenta-tv-fussball
France,Europe,"3,446,170",7.15%,FR,"fr, French",1,FIFA,FIFA+,1,FREE & PAID,1,https://www.plus.fifa.com/,https://www.plus.fifa.com/showcase/fifa-world-cup-26tm/89de0054-9fa6-4741-88e1-a902dc26740f,0,1,1,2,0,0,Standardized URLs for ALL FIFA+ links. We rely on Fifa's own geo-IP detection to flip in the correct language subdirectoy path in their URL on load.,Livia,
France,Europe,"3,446,170",7.15%,FR,"fr, French",1,M6,M6+,0,FREE,2,https://www.m6.fr/,https://www.m6.fr/coupe-du-monde-2026-p_26649,1,1,1,1,0,0,I can open the dedicated page but I need to have an account to watch. When I try to do that the page doesn't let me sign up (blank page).,Livia,https://en.wikipedia.org/wiki/2026_FIFA_World_Cup_broadcasting_rights
France,Europe,"3,446,170",7.15%,FR,"fr, French",1,beIN SPORTS,beIN SPORTS,1,PAID,5,https://www.beinsports.com/fr-fr,https://connect.beinsports.com/france/ ,1,1,1,0,0,0,"There is no direct link to the streaming service, I believe because it requires a subscription (I can only see news and not streaming if I am not logged in). So I cannot test it.

[SFIELD] I acutally think you access BEIN via a Channel subscription on CANAL+ https://connect.beinsports.com/france/ REDIRECTS to: https://boutique.canalplus.com/produits/beincnct/bein-sports-connect/1 ",Livia,https://en.wikipedia.org/wiki/2026_FIFA_World_Cup_broadcasting_rights
Poland,Europe,"2,083,429",4.32%,PL,"pl, Polish",0,FIFA,FIFA+,1,FREE & PAID,1,https://www.plus.fifa.com/,https://www.plus.fifa.com/showcase/fifa-world-cup-26tm/89de0054-9fa6-4741-88e1-a902dc26740f,0,1,0,0,0,0,Standardized URLs for ALL FIFA+ links. We rely on Fifa's own geo-IP detection to flip in the correct language subdirectoy path in their URL on load.,Annemarie,
Poland,Europe,"2,083,429",4.32%,PL,"pl, Polish",0,TVP SPORT,TVP SPORT,1,FREE,2,https://sport.tvp.pl/,https://sport.tvp.pl/transmisje,1,1,1,1,1,2,"I could watch videos, but I could NOT verify if PiP works. // This is the only provider of World Cup streams (Annemarie Munimus)",Annemarie,https://sport.tvp.pl/transmisje
Brazil,Americas,"1,923,018",3.99%,BR,"pt-BR, Portuguese (Brazil)",0,FIFA,FIFA+,1,FREE & PAID,1,https://www.plus.fifa.com/,https://www.plus.fifa.com/showcase/fifa-world-cup-26tm/89de0054-9fa6-4741-88e1-a902dc26740f,0,1,1,2,0,0,Standardized URLs for ALL FIFA+ links. We rely on Fifa's own geo-IP detection to flip in the correct language subdirectoy path in their URL on load.,Corrie,
Brazil,Americas,"1,923,018",3.99%,BR,"pt-BR, Portuguese (Brazil)",0,YouTube, CazéTV - YouTube,1,FREE,2,https://www.youtube.com/,https://www.youtube.com/@CazeTV/streams ,1,1,1,2,2,0,"
CazéTV on YouTube will stream all 104 matches for free; confirm stream product name to show [CazeTV can be accessed via streaming on YT, so would it be YouTube?]. ",Corrie,https://en.wikipedia.org/wiki/2026_FIFA_World_Cup_broadcasting_rights
Brazil,Americas,"1,923,018",3.99%,BR,"pt-BR, Portuguese (Brazil)",0,N Sports,SBT,0,FREE,2,https://nsports.com.br/n/,https://mais.sbt.com.br/,1,1,1,1,1,1,splitting coverage with Globo/CazeTV,Corrie,https://en.wikipedia.org/wiki/2026_FIFA_World_Cup_broadcasting_rights
Brazil,Americas,"1,923,018",3.99%,BR,"pt-BR, Portuguese (Brazil)",0,Globo,Globoplay,0,FREE & PAID,3,https://globoplay.globo.com/,https://globoplay.globo.com/tv-globo/ao-vivo/6120663/,1,1,1,2,0,0,"requires free account to access live streaming--could not test video playback or pip stream, could not create free account to test since requires CFB; splitting coverage with CazeTV/SBT",Corrie,https://en.wikipedia.org/wiki/2026_FIFA_World_Cup_broadcasting_rights
Indonesia,Asia,"1,547,076",3.21%,ID,"id, Indonesian",0,FIFA,FIFA+,1,FREE & PAID,1,https://www.plus.fifa.com/,https://www.plus.fifa.com/showcase/fifa-world-cup-26tm/89de0054-9fa6-4741-88e1-a902dc26740f,0,1,1,1,1,1,Standardized URLs for ALL FIFA+ links. We rely on Fifa's own geo-IP detection to flip in the correct language subdirectoy path in their URL on load.,Alex D.,
Indonesia,Asia,"1,547,076",3.21%,ID,"id, Indonesian",0,TVRI Indonesia,TVRI Klik,0,FREE,2,https://klik.tvri.go.id/,https://klik.tvri.go.id/detailchannel/TVRI_CH_03,1,1,1,1,1,1,matches yet to be confirmed,Alex D.,https://www.livesoccertv.com/competitions/international/world-cup/watch/indonesia/
Italy,Europe,"1,347,066",2.79%,IT,"it, Italian",1,FIFA,FIFA+,1,FREE & PAID,1,https://www.plus.fifa.com/,https://www.plus.fifa.com/showcase/fifa-world-cup-26tm/89de0054-9fa6-4741-88e1-a902dc26740f,0,1,1,2,0,0,Standardized URLs for ALL FIFA+ links. We rely on Fifa's own geo-IP detection to flip in the correct language subdirectoy path in their URL on load.,Livia,
Italy,Europe,"1,347,066",2.79%,IT,"it, Italian",1,Rai,RaiPlay,0,FREE,2,https://www.raiplay.it/,https://www.raiplay.it/programmi/mondialidicalcio2026,1,1,1,2,0,0,RaiPlay blocks VPNs - I am using Mozilla VPN but in the past I used to have ExpressVPN and that one also got blocked.,Livia,https://en.wikipedia.org/wiki/2026_FIFA_World_Cup_broadcasting_rights
Italy,Europe,"1,347,066",2.79%,IT,"it, Italian",1,DAZN,DAZN,1,PAID,5,https://www.dazn.com/it-IT/,https://www.dazn.com/it-IT/ ,1,1,1,2,0,0,DAZN also blocks VPNs - I am using Mozilla VPN. Otherwise I would have the direct stream URL.,Livia,https://dazngroup.com/press-room/in-italy-dazn-will-be-the-only-place-to-watch-the-entire-fifa-world-cup-2026/
Spain,Europe,"1,165,642",2.42%,ES,"es-ES, Spanish (Spain)",1,FIFA,FIFA+,1,FREE & PAID,1,https://www.plus.fifa.com/,https://www.plus.fifa.com/showcase/fifa-world-cup-26tm/89de0054-9fa6-4741-88e1-a902dc26740f,0,1,1,2,0,0,Standardized URLs for ALL FIFA+ links. We rely on Fifa's own geo-IP detection to flip in the correct language subdirectoy path in their URL on load.,Livia,
Spain,Europe,"1,165,642",2.42%,ES,"es-ES, Spanish (Spain)",1,RTVE,RTVE,0,FREE,2,https://www.rtve.es/play/,https://www.rtve.es/play/videos/copa-mundial-de-la-fifa-2026/,1,1,1,1,1,1,Only 17 matches will be broadcasted on the public broadcasting company RTVE.,Livia,https://www.eldiario.es/vertele/noticias/fifa-anuncia-17-partidos-fase-grupos-mundial-futbol-2026-rtve-emitira-abierto-gratis-la-1_1_13182864.html
Spain,Europe,"1,165,642",2.42%,ES,"es-ES, Spanish (Spain)",1,DAZN,DAZN,1,FREE TRIAL,4,https://www.dazn.com/es-ES/,https://www.dazn.com/es-ES/ ,1,1,1,2,0,0,DAZN blocks VPNs.,Livia,https://dazngroup.com/press-room/dazn-emitira-en-exclusiva-en-television-de-pago-el-canal-de-grup-mediapro-de-la-copa-mundial-de-la-fifa-2026/&ved=2ahUKEwi2tejFgaiUAxUyVqQEHVcGI3UQFnoECBcQAQ&usg=AOvVaw3ojsAFdOER7Hgj6jx2dMyx
Canada,Americas,"1,160,538",2.41%,CA,"en-CA, English (Canadian)",1,FIFA,FIFA+,1,FREE & PAID,1,https://www.plus.fifa.com/,https://www.plus.fifa.com/showcase/fifa-world-cup-26tm/89de0054-9fa6-4741-88e1-a902dc26740f,0,1,1,2,1,1,Standardized URLs for ALL FIFA+ links. We rely on Fifa's own geo-IP detection to flip in the correct language subdirectoy path in their URL on load.,Britt,
Canada,Americas,"1,160,538",2.41%,CA,"en-CA, English (Canadian)",1,TSN,TSN,1,FREE & PAID,3,https://www.tsn.ca/,https://www.tsn.ca/soccer/fifa-world-cup/,1,1,1,1,0,1,"It's not possible to test playback of livestream as you need a subscription, however PIP works for VOD. Might want to make a call if we should stream the landing page versus the streaming page. ",Britt,https://www.tsn.ca/soccer/fifa-world-cup/article/2026-fifa-world-cup-on-tsn-broadcast-schedule/
Canada,Americas,"1,160,538",2.41%,CA,"en-CA, English (Canadian)",1,RDS,RDS,1,FREE & PAID,3,https://www.rds.ca/,https://www.rds.ca/soccer/coupe-du-monde/,1,1,1,1,0,1,"Not possible to test playback of stream as you need a subscription, however PIP works in published VODs. might want to make a call if we should stream the landing page versus the streaming page. ",Britt,https://www.bellmedia.ca/the-lede/press/bell-media-extends-fifa-world-cup-soccer-package-2026/
Canada,Americas,"1,160,538",2.41%,CA,"en-CA, English (Canadian)",1,CTV,Crave,1,PAID,5,https://www.crave.ca/en,https://www.crave.ca/en/ctv,1,1,1,1,0,0,Not possible to test playback of streams or PIP as you need a subscription. This is one we'll want to check back closer to the WC and see if they have a dedicated landing page. ,Britt,https://www.bellmedia.ca/the-lede/press/bell-media-extends-fifa-world-cup-soccer-package-2026/
United Kingdom,Europe,"1,099,025",2.28%,GB,"en-GB, English (UK)",1,FIFA,FIFA+,1,FREE & PAID,1,https://www.plus.fifa.com/,https://www.plus.fifa.com/showcase/fifa-world-cup-26tm/89de0054-9fa6-4741-88e1-a902dc26740f,0,1,1,2,1,1,Standardized URLs for ALL FIFA+ links. We rely on Fifa's own geo-IP detection to flip in the correct language subdirectoy path in their URL on load.,Kimi,
United Kingdom,Europe,"1,099,025",2.28%,GB,"en-GB, English (UK)",1,BBC,BBC iPlayer,0,FREE,2,https://www.bbc.co.uk/iplayer,https://www.bbc.co.uk/iplayer/episodes/m002gjj0/fifa-world-cup-2026,1,1,1,1,0,0,,Kimi,https://www.live-footballontv.com/live-world-cup-football-on-tv.html
United Kingdom,Europe,"1,099,025",2.28%,GB,"en-GB, English (UK)",1,ITV,ITVX,0,FREE,2,https://www.itv.com/,https://www.itv.com/watch,1,1,1,1,0,0,Stream URL isn't World Cup specific,Kimi,https://www.live-footballontv.com/live-world-cup-football-on-tv.html
United Kingdom,Europe,"1,099,025",2.28%,GB,"en-GB, English (UK)",1,STV,STV Player,1,FREE,2,https://player.stv.tv/,https://player.stv.tv/live,1,1,1,1,0,0,Stream URL isn't World Cup specific,Kimi,https://www.live-footballontv.com/live-world-cup-football-on-tv.html
Mexico,Americas,"767,251",1.59%,MX,"es-MX, Spanish (Mexico)",1,FIFA,FIFA+,1,FREE & PAID,1,https://www.plus.fifa.com/,https://www.plus.fifa.com/showcase/fifa-world-cup-26tm/89de0054-9fa6-4741-88e1-a902dc26740f,0,1,1,2,0,0,Standardized URLs for ALL FIFA+ links. We rely on Fifa's own geo-IP detection to flip in the correct language subdirectoy path in their URL on load.,Corrie,https://digitalhub.fifa.com/m/af2cdbbd380d70c/original/FWC26-Media-Rights-Licensees-Overview.pdf
Mexico,Americas,"767,251",1.59%,MX,"es-MX, Spanish (Mexico)",1,TV Azteca,Azteca Deportes,0,FREE,2,https://www.tvazteca.com/aztecadeportes,https://envivo.tvazteca.com/,1,1,1,1,1,1,only select matches available,Corrie,https://en.wikipedia.org/wiki/2026_FIFA_World_Cup_broadcasting_rights
Mexico,Americas,"767,251",1.59%,MX,"es-MX, Spanish (Mexico)",1,TelevisaUnivision,ViX,1,FREE & PAID,3,https://vix.com/es-es/deportes,https://vix.com/es-es/canales ,1,1,1,1,1,1,,Corrie,https://en.wikipedia.org/wiki/2026_FIFA_World_Cup_broadcasting_rights
Australia,Oceania,"593,227",1.23%,AU,"en-GB, English (UK)",1,FIFA,FIFA+,1,FREE & PAID,1,https://www.plus.fifa.com/,https://www.plus.fifa.com/showcase/fifa-world-cup-26tm/89de0054-9fa6-4741-88e1-a902dc26740f,0,1,1,2,0,0,Standardized URLs for ALL FIFA+ links. We rely on Fifa's own geo-IP detection to flip in the correct language subdirectoy path in their URL on load.,Corrie,https://www.techradar.com/how-to-watch/football/fifa-world-cup-2026-free-anywhere-vpn-deal
Australia,Oceania,"593,227",1.23%,AU,"en-GB, English (UK)",1,SBS,SBS On Demand,1,FREE,2,https://www.sbs.com.au/,https://www.sbs.com.au/ondemand/watch/1726824003663,1,1,1,1,1,1,Sign-in required (worked once signed in),Corrie,https://www.techradar.com/how-to-watch/football/fifa-world-cup-2026-free-anywhere-vpn-deal
Netherlands,Europe,"583,396",1.21%,NL,"nl, Dutch",1,FIFA,FIFA+,1,FREE & PAID,1,https://www.plus.fifa.com/,https://www.plus.fifa.com/showcase/fifa-world-cup-26tm/89de0054-9fa6-4741-88e1-a902dc26740f,0,1,1,1,0,0,Standardized URLs for ALL FIFA+ links. We rely on Fifa's own geo-IP detection to flip in the correct language subdirectoy path in their URL on load.,Annemarie,
Netherlands,Europe,"583,396",1.21%,NL,"nl, Dutch",1,NPO,NPO,1,FREE,2,https://npo.nl/start,https://npo.nl/start/live,1,1,1,1,1,1,,Annemarie,https://npo.nl/start/live
Netherlands,Europe,"583,396",1.21%,NL,"nl, Dutch",1,NOS,NOS,1,FREE,2,https://nos.nl/sport,https://nos.nl/live,1,1,1,1,1,1,,Annemarie,https://nos.nl/live
Switzerland,Europe,"539,945",1.12%,CH,???,0,FIFA,FIFA+,1,FREE & PAID,1,https://www.plus.fifa.com/,https://www.plus.fifa.com/showcase/fifa-world-cup-26tm/89de0054-9fa6-4741-88e1-a902dc26740f,0,1,1,2,0,0,Standardized URLs for ALL FIFA+ links. We rely on Fifa's own geo-IP detection to flip in the correct language subdirectoy path in their URL on load.,Livia,
Switzerland,Europe,"539,945",1.12%,CH,"de, German",0,SRF,SRF,1,FREE,2,https://www.srf.ch/play/tv,https://www.srf.ch/play/tv/sport-livestreams,1,1,1,2,0,0,"In German. All three channels in the three languages are part of the same company, the public broadcaster SRG SSR. All block VPNs. As for the streaming link, they will stream some matches on some of their channels and others on others, hence no unique link available.",Livia,https://en.wikipedia.org/wiki/2026_FIFA_World_Cup_broadcasting_rights
Switzerland,Europe,"539,945",1.12%,CH,"fr, French",0,RTS,RTS,1,FREE,2,https://www.rts.ch/play/tv,https://www.rts.ch/play/tv/rts-livestreams,1,1,1,2,0,0,"In French. VPNs are blocked. As for the streaming link, they will stream some matches on some of their channels and others on others, hence no unique link available.",Livia,https://en.wikipedia.org/wiki/2026_FIFA_World_Cup_broadcasting_rights
Switzerland,Europe,"539,945",1.12%,CH,"it, Italian",0,RSI,RSI,1,FREE,2,https://www.rsi.ch/play/tv,https://www.rsi.ch/play/tv/streaming,1,1,1,2,0,0,"In Italian. VPNs are blocked. As for the streaming link, they will stream some matches on some of their channels and others on others, hence no unique link available.",Livia,https://en.wikipedia.org/wiki/2026_FIFA_World_Cup_broadcasting_rights
Austria,Europe,"501,177",1.04%,AT,"de, German",1,FIFA,FIFA+,1,FREE & PAID,1,https://www.plus.fifa.com/,https://www.plus.fifa.com/showcase/fifa-world-cup-26tm/89de0054-9fa6-4741-88e1-a902dc26740f,0,1,1,2,1,1,Standardized URLs for ALL FIFA+ links. We rely on Fifa's own geo-IP detection to flip in the correct language subdirectoy path in their URL on load.,Annemarie,https://www.plus.fifa.com/de/live-schedule/competitions
Austria,Europe,"501,177",1.04%,AT,"de, German",1,ORF,ORF,1,FREE,2,https://orf.at/,https://on.orf.at/live,1,1,1,2,1,1,"I tested a different video, not live because it was not possible",Annemarie,https://on.orf.at/live
Austria,Europe,"501,177",1.04%,AT,"de, German",1,ServusTV,ServusTV,1,PAID,5,https://www.servustv.com/,https://www.servustv.com/de/epg,1,1,1,2,1,1,"I tested a different video, not live because it was not possible",Annemarie,https://www.servustv.com/de/epg
Czech Republic,Europe,"481,742",1.00%,CZ,"cs, Czech",0,FIFA,FIFA+,1,FREE & PAID,1,https://www.plus.fifa.com/,https://www.plus.fifa.com/showcase/fifa-world-cup-26tm/89de0054-9fa6-4741-88e1-a902dc26740f,0,1,1,2,0,0,Standardized URLs for ALL FIFA+ links. We rely on Fifa's own geo-IP detection to flip in the correct language subdirectoy path in their URL on load.,Livia,
Czech Republic,Europe,"481,742",1.00%,CZ,"cs, Czech",0,Česká televize,iVysílání,0,FREE,2,https://www.ceskatelevize.cz/ivysilani/,https://sport.ceskatelevize.cz/zive-vysilani,1,1,1,1,1,1,"Tested a live sports show and it worked, but there is no direct link to the Cup streaming available yet. They have licensed 50 games.",Livia,https://fwclive.com/broadcasting/ceska-televize/
Czech Republic,Europe,"481,742",1.00%,CZ,"cs, Czech",0,TV Nova,Nova Action,0,FREE,2,https://tv.nova.cz/,https://tv.nova.cz/sledujte-zive/1-nova,1,1,1,1,1,0,"Tested a live show and it worked (no PIP), but there is no direct link to the Cup streaming available yet. They have licensed 50 games. It's also not clear from the source whether on which channel they will stream, if TV Nova or Nova Action, according to it some matches will be shown on one channel and some on the other.",Livia,https://www.livesoccertv.com/channels/nova-sport-czech-republic/
Argentina,Americas,"411,130",0.85%,AR,"es-AR, Spanish (Argentina)",0,FIFA,FIFA+,1,FREE & PAID,1,https://www.plus.fifa.com/,https://www.plus.fifa.com/showcase/fifa-world-cup-26tm/89de0054-9fa6-4741-88e1-a902dc26740f,0,1,1,2,0,0,Standardized URLs for ALL FIFA+ links. We rely on Fifa's own geo-IP detection to flip in the correct language subdirectoy path in their URL on load.,Corrie,https://digitalhub.fifa.com/m/af2cdbbd380d70c/original/FWC26-Media-Rights-Licensees-Overview.pdf
Argentina,Americas,"411,130",0.85%,AR,"es-AR, Spanish (Argentina)",0,TV Pública,TVP,0,FREE,2,https://www.tvpublica.com.ar/,https://www.tvpublica.com.ar/,1,1,1,1,1,1,TV Pública and Telefe will be sharing free streaming rights; schedules TBD,Corrie,https://en.wikipedia.org/wiki/2026_FIFA_World_Cup_broadcasting_rights
Argentina,Americas,"411,130",0.85%,AR,"es-AR, Spanish (Argentina)",0,Pluto TV,Pluto TV,0,FREE TRIAL,4,https://pluto.tv/,https://pluto.tv/latam/live-tv/66997d18a1b69e00082ee85f?lang=en,1,1,1,1,1,2,access FIFA+ via Pluto TV free trial ; no PIP available from what i can see,Corrie,https://en.wikipedia.org/wiki/2026_FIFA_World_Cup_broadcasting_rights
Argentina,Americas,"411,130",0.85%,AR,"es-AR, Spanish (Argentina)",0,Paramount+,Paramount+,1,PAID,5,https://www.paramountplus.com/ar/,https://www.paramountplus.com/ar/,1,1,1,2,0,0,"KG: Got a 406 error code when trying to access via VPN.
CE: when using Mozilla paid VPN, I get a 403 error when I click ""subscribe to paramount+ on the stream URL ",Kimi (added as found for Chile) + Corrie,https://cveintiuno.com/paramount-adquiere-los-derechos-completos-del-mundial-2026-para-argentina-chile-colombia-ecuador-peru-y-uruguay/
Hungary,Europe,"397,461",0.82%,HU,"hu, Hungarian",0,FIFA,FIFA+,0,FREE & PAID,1,https://www.plus.fifa.com/,https://www.plus.fifa.com/showcase/fifa-world-cup-26tm/89de0054-9fa6-4741-88e1-a902dc26740f,0,1,1,2,0,0,Standardized URLs for ALL FIFA+ links. We rely on Fifa's own geo-IP detection to flip in the correct language subdirectoy path in their URL on load.,Annemarie,???
Hungary,Europe,"397,461",0.82%,HU,"hu, Hungarian",0,M4sport,M4sport,1,FREE,2,https://m4sport.hu/,https://m4sport.hu/elo/mtv4live/,1,1,1,0,1,1,,Annemarie,https://m4sport.hu/elo/mtv4live/
Hungary,Europe,"397,461",0.82%,HU,"hu, Hungarian",0,MÉDIAKLIKK,MÉDIAKLIKK,1,FREE,2,https://mediaklikk.hu,https://mediaklikk.hu/elo/dunalive/,1,1,1,0,1,1,,Annemarie,https://mediaklikk.hu/elo/dunalive/
Belgium,Europe,"369,344",0.77%,BE,???,1,FIFA,FIFA+,1,FREE & PAID,1,https://www.plus.fifa.com/,https://www.plus.fifa.com/showcase/fifa-world-cup-26tm/89de0054-9fa6-4741-88e1-a902dc26740f,0,1,1,2,0,0,Standardized URLs for ALL FIFA+ links. We rely on Fifa's own geo-IP detection to flip in the correct language subdirectoy path in their URL on load.,Livia ,
Belgium,Europe,"369,344",0.77%,BE,"fr, French",1,RTBF,RTBF,1,FREE,2,https://auvio.rtbf.be/direct,https://auvio.rtbf.be/categorie/football-11,1,1,1,1,1,1,In French.,Livia,https://www.7sur7.be/monde/la-rtbf-diffusera-finalement-lensemble-des-matches-de-la-coupe-du-monde-2026~a00e2e87/?referrer=https%3A%2F%2Fwww.google.com%2F
Belgium,Europe,"369,344",0.77%,BE,"nl, Dutch",1,VRT,VRT 1,1,FREE,2,https://www.vrt.be/vrtmax/kanalen/vrt1/,https://www.vrt.be/vrtmax/kanalen/sporza/,1,1,1,1,1,1,In Flemish.,Livia,https://worldcupglobal.com/nl/watch/
Ecuador,Americas,"343,907",0.71%,EC,"es-MX, Spanish (Mexico)",0,FIFA,FIFA+,1,FREE & PAID,1,https://www.plus.fifa.com/,https://www.plus.fifa.com/showcase/fifa-world-cup-26tm/89de0054-9fa6-4741-88e1-a902dc26740f,0,1,1,0,0,0,Standardized URLs for ALL FIFA+ links. We rely on Fifa's own geo-IP detection to flip in the correct language subdirectoy path in their URL on load.,Livia,
Ecuador,Americas,"343,907",0.71%,EC,"es-MX, Spanish (Mexico)",0,Teleamazonas,Teleamazonas,0,FREE,2,https://www.teleamazonas.com/teleamazonas-en-vivo/,https://www.teleamazonas.com/teleamazonas-en-vivo/,1,1,1,0,0,0,Mozilla VPN does not have Ecuador as country available.,Livia,https://en.wikipedia.org/wiki/2026_FIFA_World_Cup_broadcasting_rights
Ecuador,Americas,"343,907",0.71%,EC,"es-MX, Spanish (Mexico)",0,Paramount+,Paramount+,1,PAID,5,https://www.paramountplus.com/ec/,https://www.paramountplus.com/ec/,1,1,1,2,0,0,Got a 406 error code when trying to access via VPN. ,Kimi (added as found for Chile),https://cveintiuno.com/paramount-adquiere-los-derechos-completos-del-mundial-2026-para-argentina-chile-colombia-ecuador-peru-y-uruguay/
Finland,Europe,"331,156",0.69%,FI,"fi, Finnish",1,FIFA,FIFA+,1,FREE & PAID,1,https://www.plus.fifa.com/,https://www.plus.fifa.com/showcase/fifa-world-cup-26tm/89de0054-9fa6-4741-88e1-a902dc26740f,0,1,1,2,1,1,Standardized URLs for ALL FIFA+ links. We rely on Fifa's own geo-IP detection to flip in the correct language subdirectoy path in their URL on load.,Britt,
Finland,Europe,"331,156",0.69%,FI,"fi, Finnish",1,Yle,Yle Areena,0,FREE & PAID,3,https://areena.yle.fi/tv,https://areena.yle.fi/1-72511886,1,1,1,2,0,0,"When I was on VPN for Helksinki the page came up as a 403 error. Off VPN it worked. However, this meant I couldn't test PIP and playback. ",Britt,https://www.livesoccertv.com/competitions/international/world-cup/watch/finland/
Finland,Europe,"331,156",0.69%,FI,"fi, Finnish",1,MTV,MTV Katsomo,0,FREE & PAID,3,https://www.mtv.fi/,https://www.mtv.fi/ohjelmat/fifa-2026 ,1,1,1,2,0,0,Sounds like these two networks are splitting games. Also: VPN allowed me to see the page but when it came to watching a video it said I couldn't because my location was hidden. That meant I couldn't actually watch or test videos. ,Britt,https://en.wikipedia.org/wiki/2026_FIFA_World_Cup_broadcasting_rights
Colombia,Americas,"329,562",0.68%,CO,"es-MX, Spanish (Mexico)",1,FIFA,FIFA+,1,FREE & PAID,1,https://www.plus.fifa.com/,https://www.plus.fifa.com/showcase/fifa-world-cup-26tm/89de0054-9fa6-4741-88e1-a902dc26740f,0,1,1,2,1,1,Standardized URLs for ALL FIFA+ links. We rely on Fifa's own geo-IP detection to flip in the correct language subdirectoy path in their URL on load.,Britt,
Colombia,Americas,"329,562",0.68%,CO,"es-MX, Spanish (Mexico)",1,Canal RCN,Canal RCN,0,FREE,2,https://www.canalrcn.com/co,https://www.canalrcn.com/co/deportes,1,1,1,1,1,1,"Tested a stream and it played back, PIP worked too. Check back later for a dedicated stream URL. Right now it's just the sports page. ",Britt,
Colombia,Americas,"329,562",0.68%,CO,"es-MX, Spanish (Mexico)",1,Caracol TV,Ditu,0,FREE & PAID,3,https://ditu.caracoltv.com/,https://ditu.caracoltv.com/category/copa-mundial-de-futbol-2026,1,1,1,1,1,1,"Tested a stream and it played back, PIP worked too. Double check landing page before WC. ",Britt,https://www.livesoccertv.com/competitions/international/world-cup/watch/colombia/
Colombia,Americas,"329,562",0.68%,CO,"es-MX, Spanish (Mexico)",1,Win Sports,Win Play,0,PAID,5,https://winplay.co/co,https://winplay.co/co/futbol-internacional  ,1,1,1,1,0,0,Must subscribe to test anything. Check back for more specific link (right now they just have a general football page).,Britt,https://en.wikipedia.org/wiki/2026_FIFA_World_Cup_broadcasting_rights
Colombia,Americas,"329,562",0.68%,CO,"es-MX, Spanish (Mexico)",1,DIRECTV,DIRECTV,1,PAID,5,https://www.directvsports.com/programacion/,https://www.directvla.com/co/mundial,1,1,1,1,0,0,Couldn't figure out how to test anything and landing page is sketchy (no proper streaming link yet). I see DirecTV is included in a lot of countries -- we might want to align for consistency on links. ,Britt,
Sweden,Europe,"288,922",0.60%,SE,"sv-SE, Swedish",1,FIFA,FIFA+,1,FREE & PAID,1,https://www.plus.fifa.com/,https://www.plus.fifa.com/showcase/fifa-world-cup-26tm/89de0054-9fa6-4741-88e1-a902dc26740f,0,1,1,2,1,1,Standardized URLs for ALL FIFA+ links. We rely on Fifa's own geo-IP detection to flip in the correct language subdirectoy path in their URL on load.,Britt,
Sweden,Europe,"288,922",0.60%,SE,"sv-SE, Swedish",1,TV4,TV4 Play,0,FREE & PAID,3,https://www.tv4play.se/,https://www.tv4play.se/kategorier/fifa-fotbolls-vm-2026,1,1,1,2,0,0,"Seems like they'll split the matches, though TV4 will hold a larger share. Also: With VPN I could go to the page but when it came to watching a livestream it said: ""Your region is hidden"" and wouldn't allow it. ",Britt,https://digitalhub.fifa.com/m/af2cdbbd380d70c/original/FWC26-Media-Rights-Licensees-Overview.pdf
Sweden,Europe,"288,922",0.60%,SE,"sv-SE, Swedish",1,SVT,SVT Play,0,FREE & PAID,3,https://www.svt.se/,https://www.svtplay.se/fifa-fotbolls-vm-2026,1,1,1,1,1,1,,Britt,https://www.livesoccertv.com/competitions/international/world-cup/watch/sweden/
Romania,Europe,"240,836",0.50%,RO,"ro, Romanian",0,FIFA,FIFA+,1,FREE & PAID,1,https://www.plus.fifa.com/,https://www.plus.fifa.com/showcase/fifa-world-cup-26tm/89de0054-9fa6-4741-88e1-a902dc26740f,0,1,1,2,1,1,Standardized URLs for ALL FIFA+ links. We rely on Fifa's own geo-IP detection to flip in the correct language subdirectoy path in their URL on load.,Britt,
Romania,Europe,"240,836",0.50%,RO,"ro, Romanian",0,Antena,AntenaPLAY,1,PAID,5,https://antenaplay.ro/,https://antenaplay.ro/fifa-world-cup,1,1,1,1,0,0,VPN seemed to be working but I couldn't test PIP or playback because you need a membership. ,Britt,https://digitalhub.fifa.com/m/af2cdbbd380d70c/original/FWC26-Media-Rights-Licensees-Overview.pdf
Portugal,Europe,"221,862",0.46%,PT,"pt-PT, Portuguese (Portugal)",1,FIFA,FIFA+,1,FREE & PAID,1,https://www.plus.fifa.com/,https://www.plus.fifa.com/showcase/fifa-world-cup-26tm/89de0054-9fa6-4741-88e1-a902dc26740f,0,1,1,2,1,1,Standardized URLs for ALL FIFA+ links. We rely on Fifa's own geo-IP detection to flip in the correct language subdirectoy path in their URL on load.,Britt,
Portugal,Europe,"221,862",0.46%,PT,"pt-PT, Portuguese (Portugal)",1,LiveModeTV,LiveModeTV - YouTube,0,FREE,2,https://www.youtube.com/,https://www.youtube.com/@LiveModeTV_PT,1,1,1,1,1,1,Special deal to stream live on YT with Caze TV. ,Britt,https://www.livemode.com/fifa
Portugal,Europe,"221,862",0.46%,PT,"pt-PT, Portuguese (Portugal)",1,sport tv,sport tv,1,FREE & PAID,3,https://www.sporttv.pt/,https://www.sporttv.pt/mundial-fifa-2026,1,1,1,1,1,1,1. They'll reportedly air on YouTube too but no links/news about this. 2. Double check if the landing page updates.  ,Britt,https://digitalhub.fifa.com/m/af2cdbbd380d70c/original/FWC26-Media-Rights-Licensees-Overview.pdf
South Africa,Africa,"196,702",0.41%,ZA,"en-GB, English (UK)",1,FIFA,FIFA+,1,FREE & PAID,1,https://www.plus.fifa.com/,https://www.plus.fifa.com/showcase/fifa-world-cup-26tm/89de0054-9fa6-4741-88e1-a902dc26740f,0,1,1,2,1,1,Standardized URLs for ALL FIFA+ links. We rely on Fifa's own geo-IP detection to flip in the correct language subdirectoy path in their URL on load.,Kimi,https://www.techradar.com/how-to-watch/football/fifa-world-cup-2026-free-anywhere-vpn-deal
South Africa,Africa,"196,702",0.41%,ZA,"en-GB, English (UK)",1,SABC,SABC+,0,FREE,2,https://sabc-plus.com/,https://sabc-plus.com/live,1,1,1,1,2,0,Stream URL isn't World Cup specific; requires a free account to stream. I made an account but the live stream page just stayed loading,Kimi,https://www.sportcal.com/news/sabc-secures-2026-world-cup-2027-wwc-sub-licenses-with-hollywoodbets/
South Africa,Africa,"196,702",0.41%,ZA,"en-GB, English (UK)",1,DStv,DStv Stream,1,PAID,5,https://www.dstv.com/en-za/,https://dstv.stream/#/,1,1,1,2,0,0,didn't specifically say no VPN access but streaming page wouldn't even load. Stream URL isn't World Cup specific,Kimi,https://www.dstv.com/en-za/news/142178/watch-every-fifa-world-cup-2026/
Chile,Americas,"189,362",0.39%,CL,"es-CL, Spanish (Chile)",1,FIFA,FIFA+,1,FREE & PAID,1,https://www.plus.fifa.com/,https://www.plus.fifa.com/showcase/fifa-world-cup-26tm/89de0054-9fa6-4741-88e1-a902dc26740f,0,1,1,2,1,1,Standardized URLs for ALL FIFA+ links. We rely on Fifa's own geo-IP detection to flip in the correct language subdirectoy path in their URL on load.,Kimi,
Chile,Americas,"189,362",0.39%,CL,"es-CL, Spanish (Chile)",1,Chilevision,Chilevision,0,FREE,2,https://www.chilevision.cl/,https://www.chilevision.cl/senal-online/,1,1,1,1,1,1,PiP works inconsistently - did for some live streams & didn't for others. streaming URL isn't World Cup specific. There is also a Sports streaming live link - https://www.chilevision.cl/deportes/senal-online/,Kimi,https://www.chilevision.cl/chv-deportes/futbol-internacional/oficial-la-copa-mundial-de-futbol-2026-sera-transmitida-en-exclusiva-por-chilevision/
Chile,Americas,"189,362",0.39%,CL,"es-CL, Spanish (Chile)",1,DirecTV Latin America,DGO,1,PAID,5,https://www.directvgo.com/cl/home,https://www.directvgo.com/cl/home,1,1,1,1,0,0,No streaming link.,Kimi,https://www.totalmedios.com/nota/62724/directv-y-dgo-transmitiran-los-104-partidos-del-mundial-de-la-fifa-2026
Chile,Americas,"189,362",0.39%,CL,"es-CL, Spanish (Chile)",1,Paramount+,Paramount+,1,PAID,5,https://www.paramountplus.com/cl/,https://www.paramountplus.com/cl/,1,1,1,2,0,0,"Got a 406 error code when trying to access via VPN. There may be a 7 day free trial offered - a Google search indicated yes, but can't confirm",Kimi,https://cveintiuno.com/paramount-adquiere-los-derechos-completos-del-mundial-2026-para-argentina-chile-colombia-ecuador-peru-y-uruguay/
Slovakia,Europe,"185,113",0.38%,SK,"sk, Slovak",0,FIFA,FIFA+,1,FREE & PAID,1,https://www.plus.fifa.com/,https://www.plus.fifa.com/showcase/fifa-world-cup-26tm/89de0054-9fa6-4741-88e1-a902dc26740f,0,1,1,2,1,1,Standardized URLs for ALL FIFA+ links. We rely on Fifa's own geo-IP detection to flip in the correct language subdirectoy path in their URL on load.,Kimi,
Slovakia,Europe,"185,113",0.38%,SK,"sk, Slovak",0,TV JOJ,JOJPLAY,0,PAID,5,https://play.joj.sk/,https://play.joj.sk/,1,1,1,1,1,1,check correct streaming link; check if https://www.joj.sk/ is also streaming world cup,Kimi,https://www.livesoccertv.com/channels/joj-sport/
Bulgaria,Europe,"173,120",0.36%,BG,"bg, Bulgarian",1,FIFA,FIFA+,0,FREE & PAID,1,https://www.plus.fifa.com/,https://www.plus.fifa.com/showcase/fifa-world-cup-26tm/89de0054-9fa6-4741-88e1-a902dc26740f,0,1,1,2,0,0,Standardized URLs for ALL FIFA+ links. We rely on Fifa's own geo-IP detection to flip in the correct language subdirectoy path in their URL on load.,Corrie,https://www.sportcal.com/news/ebu-secures-2026-2030-fifa-world-cup-rights-in-five-nations/
Bulgaria,Europe,"173,120",0.36%,BG,"bg, Bulgarian",1,BNT,BNT,1,FREE,2,https://bnt.bg/,https://tv.bnt.bg/ ,1,1,1,1,1,1,BNT has exclusive rights - all games will be available to stream for free on their site,Corrie,https://www.sportcal.com/news/ebu-secures-2026-2030-fifa-world-cup-rights-in-five-nations/
Denmark,Europe,"159,420",0.33%,DK,"da, Danish",1,FIFA,FIFA+,1,FREE & PAID,1,https://www.plus.fifa.com/,https://www.plus.fifa.com/showcase/fifa-world-cup-26tm/89de0054-9fa6-4741-88e1-a902dc26740f,0,1,1,2,1,1,Standardized URLs for ALL FIFA+ links. We rely on Fifa's own geo-IP detection to flip in the correct language subdirectoy path in their URL on load.,Britt,
Denmark,Europe,"159,420",0.33%,DK,"da, Danish",1,DR ,DRTV,0,FREE,2,https://www.dr.dk/drtv/,https://www.dr.dk/drtv/kategorier/sport,1,1,1,2,0,0,"I am able to see the page itself but it doesn't allow me to livestream on VPN and says: ""The content is only available in Denmark, Greenland and the Faroe Islands."" So I wasn't able to test PIP or playback. ",Britt,https://en.wikipedia.org/wiki/2026_FIFA_World_Cup_broadcasting_rights
Denmark,Europe,"159,420",0.33%,DK,"da, Danish",1,TV 2,TV 2 Play,0,PAID,5,https://play.tv2.dk/,https://play.tv2.dk/sport,1,1,1,1,0,0,FYI - I'm seeing that these two networks are splitting 50/50 games but it's unclear. Check back closer to see when they have their dedicated WC landing page - for now I pointed to the overall Sports streaming page. I couldn't test stream playback / PIP since it requires a subscription. ,Britt,"https://www.livesoccertv.com/competitions/international/world-cup/watch/denmark/, https://fwclive.com/broadcasting/denmark/"
Serbia,Europe,"155,082",0.32%,RS,"sr, Serbian",0,FIFA,FIFA+,1,FREE & PAID,1,https://www.plus.fifa.com/,https://www.plus.fifa.com/showcase/fifa-world-cup-26tm/89de0054-9fa6-4741-88e1-a902dc26740f,0,1,1,1,1,1,Standardized URLs for ALL FIFA+ links. We rely on Fifa's own geo-IP detection to flip in the correct language subdirectoy path in their URL on load.,Alex D.,
Serbia,Europe,"155,082",0.32%,RS,"sr, Serbian",0,RTS,RTS Planeta,0,FREE & PAID,3,https://rtsplaneta.rs/,https://rtsplaneta.rs/live/tv,1,1,1,1,1,1,"RTS likely won't have all the games, but will carry key games, and the semifinals and championship as a public broadcast provider. I've included the live TV link. ",Alex D. ,https://fwclive.com/broadcasting/rts/
Serbia,Europe,"155,082",0.32%,RS,"sr, Serbian",0,ARENA CHANNELS GROUP ,Arena Cloud,1,FREE TRIAL,4,https://arenacloudtv.com/,https://webtv.arenacloudtv.com/,1,1,0,0,0,0,"Paid, premium sports streaming platform. I wasn't able to log in without a subscription, so I wasn't able to test, but sports media says it will likely offer all World Cup games in Serbia. I was not able to find a World Cup landing page. ",Alex D.,https://fwclive.com/broadcasting/serbia/
Norway,Europe,"139,189",0.29%,NO,"nn-NO, Norwegian Nynorsk",1,FIFA,FIFA+,1,FREE & PAID,1,https://www.plus.fifa.com/,https://www.plus.fifa.com/showcase/fifa-world-cup-26tm/89de0054-9fa6-4741-88e1-a902dc26740f,0,1,1,1,1,1,Standardized URLs for ALL FIFA+ links. We rely on Fifa's own geo-IP detection to flip in the correct language subdirectoy path in their URL on load.,Alex D.,
Norway,Europe,"139,189",0.29%,NO,"nn-NO, Norwegian Nynorsk",1,NRK,NRK TV,0,FREE,2,https://tv.nrk.no/,https://tv.nrk.no/serie/fifa-fotball-vm-2026,1,1,1,1,1,1,Norway's Public Broadcaster. Log in with a BankID is required proving that you are a Norwegian resident for some content,Alex D.,https://fwclive.com/broadcasting/nrk/
Norway,Europe,"139,189",0.29%,NO,"nn-NO, Norwegian Nynorsk",1,TV 2,TV 2 Play,0,PAID,5,https://www.tv2.no/,https://www.tv2.no/livesport/fotball/turneringer/fifa-fotball-vm/a315b842-f4bc-5687-9ecb-3e06d6acdf9a/oversikt,1,1,0,0,0,0," TV2's live 2026 World Cup coverage is on TV2 Direkte. Households in Norway must have a subscription to RiksTV in order to access the channel. All world cup matches are being broadcast between TV2 Play and NRK, which share the rights",Alex D. ,https://fwclive.com/broadcasting/tv-2-norway/
New Zealand,Oceania,"120,875",0.25%,NZ,"en-GB, English (UK)",1,FIFA,FIFA+,1,FREE & PAID,1,https://www.plus.fifa.com/,https://www.plus.fifa.com/showcase/fifa-world-cup-26tm/89de0054-9fa6-4741-88e1-a902dc26740f,0,1,1,2,0,0,Standardized URLs for ALL FIFA+ links. We rely on Fifa's own geo-IP detection to flip in the correct language subdirectoy path in their URL on load.,Corrie,https://www.techradar.com/how-to-watch/football/fifa-world-cup-2026-free-anywhere-vpn-deal
New Zealand,Oceania,"120,875",0.25%,NZ,"en-GB, English (UK)",1,TVNZ+,TVNZ+,1,FREE & PAID,3,https://www.tvnz.co.nz/,https://www.tvnz.co.nz/competition/fifa-2026,1,1,1,2,0,0,Exclusive rights; failure to load-try again later message,Corrie,https://www.1news.co.nz/2025/08/25/gamechanger-tvnz-scores-exclusive-fifa-world-cup-rights/
Ireland,Europe,"93,558",0.19%,IE,"en-GB, English (UK)",1,FIFA,FIFA+,1,FREE & PAID,1,https://www.plus.fifa.com/,https://www.plus.fifa.com/showcase/fifa-world-cup-26tm/89de0054-9fa6-4741-88e1-a902dc26740f,0,1,1,2,1,1,Standardized URLs for ALL FIFA+ links. We rely on Fifa's own geo-IP detection to flip in the correct language subdirectoy path in their URL on load.,Kimi,
Ireland,Europe,"93,558",0.19%,IE,"en-GB, English (UK)",1,RTÉ,RTÉ Player,1,FREE,2,https://www.rte.ie/,https://www.rte.ie/player/onnow,1,1,1,1,1,1,,Kimi,https://digitalhub.fifa.com/m/af2cdbbd380d70c/original/FWC26-Media-Rights-Licensees-Overview.pdf
